,book,character,first_name
0,Baptism of Fire,Adalia,Adalia
1,Baptism of Fire,Adela,Adela
2,Baptism of Fire,Aen Saevherne,Aen
3,Baptism of Fire,Aevenien,Aevenien
4,Baptism of Fire,Aglaïs,Aglaïs
5,Baptism of Fire,Albrich,Albrich
6,Baptism of Fire,Amavet,Amavet
7,Baptism of Fire,Angus Bri Cri,Angus
8,Baptism of Fire,Anna Kameny,Anna
9,Baptism of Fire,Anzelm Aubry,Anzelm
10,Baptism of Fire,Artaud Terranova,Artaud
11,Baptism of Fire,Asse,Asse
12,Baptism of Fire,Assire var Anahid,Assire
13,Baptism of Fire,Aubry ,Aubry
14,Baptism of Fire,Augusta Wagner,Augusta
15,Baptism of Fire,Baron of Casadei,Baron
16,Baptism of Fire,Beatrix of Kovir,Beatrix
17,Baptism of Fire,Bronik,Bronik
18,Baptism of Fire,Brouver Hoog,Brouver
19,Baptism of Fire,Cahir Mawr Dyffryn aep Ceallach,Cahir
20,Baptism of Fire,Calanthe,Calanthe
21,Baptism of Fire,Caleb Stratton,Caleb
22,Baptism of Fire,Carduin,Carduin
23,Baptism of Fire,Ceallach aep Gruffyd,Ceallach
24,Baptism of Fire,Cerro,Cerro
25,Baptism of Fire,Ciaran aep Dearbh,Ciaran
26,Baptism of Fire,Ciri,Ciri
27,Baptism of Fire,Cirilla Fiona ,Cirilla
28,Baptism of Fire,Codringher,Codringher
29,Baptism of Fire,Coinneach Dá Reo,Coinneach
30,Baptism of Fire,Connor,Connor
31,Baptism of Fire,Coram I,Coram
32,Baptism of Fire,Coram II,Coram
33,Baptism of Fire,Corbett,Corbett
34,Baptism of Fire,Cosmo Baldenvegg,Cosmo
35,Baptism of Fire,Count Lanier,Count
36,Baptism of Fire,Cregennan of Lod,Cregennan
37,Baptism of Fire,Crispin,Crispin
38,Baptism of Fire,Dagorad,Dagorad
39,Baptism of Fire,Dandelion,Dandelion
40,Baptism of Fire,Daniel Etcheverry,Daniel
41,Baptism of Fire,Demavend III,Demavend
42,Baptism of Fire,Echel Traighlethan,Echel
43,Baptism of Fire,Effenberg,Effenberg
44,Baptism of Fire,Eithné,Eithné
45,Baptism of Fire,Elan Trahe,Elan
46,Baptism of Fire,Elen of Kaedwen,Elen
47,Baptism of Fire,Emhyr var Emreis,Emhyr
48,Baptism of Fire,Emiel Regis Rohellec Terzieff-Godefroy,Emiel
49,Baptism of Fire,Ethain,Ethain
50,Baptism of Fire,Falka,Falka
51,Baptism of Fire,Falka ,Falka
52,Baptism of Fire,Fauve,Fauve
53,Baptism of Fire,Field Marshal Windbag,Field
54,Baptism of Fire,Figgis Merluzzo,Figgis
55,Baptism of Fire,Fiona,Fiona
56,Baptism of Fire,Flourens Delannoy,Flourens
57,Baptism of Fire,Francesca Findabair,Francesca
58,Baptism of Fire,Fringilla Vigo,Fringilla
59,Baptism of Fire,Geralt of Rivia,Geralt
60,Baptism of Fire,Gerhart of Aelle,Gerhart
61,Baptism of Fire,Giselher,Giselher
62,Baptism of Fire,Goidemar,Goidemar
63,Baptism of Fire,Havekar,Havekar
64,Baptism of Fire,Hector Laabs,Hector
65,Baptism of Fire,Hedwig of Malleore,Hedwig
66,Baptism of Fire,Henselt,Henselt
67,Baptism of Fire,Houtborg triplets,Houtborg
68,Baptism of Fire,Ida Emean aep Sivney,Ida
69,Baptism of Fire,Iorweth,Iorweth
70,Baptism of Fire,Isengrim Faoiltiarna,Isengrim
71,Baptism of Fire,Iskra,Iskra
72,Baptism of Fire,Istredd,Istredd
73,Baptism of Fire,Ithlinne,Ithlinne
74,Baptism of Fire,Jacob Fenn,Jacob
75,Baptism of Fire,Jan Lennep,Jan
76,Baptism of Fire,Jan Struycken,Jan
77,Baptism of Fire,Jolie Lanier,Jolie
78,Baptism of Fire,Kayleigh,Kayleigh
79,Baptism of Fire,Keira Metz,Keira
80,Baptism of Fire,Kolda,Kolda
81,Baptism of Fire,Lara Dorren,Lara
82,Baptism of Fire,Leo Bonhart,Leo
83,Baptism of Fire,Leticia Charbonneau,Leticia
84,Baptism of Fire,Lucretia Vigo,Lucretia
85,Baptism of Fire,Margarita Laux-Antille,Margarita
86,Baptism of Fire,Merlin,Merlin
87,Baptism of Fire,Meve,Meve
88,Baptism of Fire,Milenka,Milenka
89,Baptism of Fire,Millet,Millet
90,Baptism of Fire,Milva,Milva
91,Baptism of Fire,Mistle,Mistle
92,Baptism of Fire,Morteisen,Morteisen
93,Baptism of Fire,Munro Bruys,Munro
94,Baptism of Fire,Muriel,Muriel
95,Baptism of Fire,Mykitka,Mykitka
96,Baptism of Fire,Nazarian,Nazarian
97,Baptism of Fire,Nimue verch Wledyr ap Gwyn,Nimue
98,Baptism of Fire,Ori Reuven,Ori
99,Baptism of Fire,Orla,Orla
100,Baptism of Fire,Papebrock,Papebrock
101,Baptism of Fire,Percival Schuttenbach,Percival
102,Baptism of Fire,Philippa Eilhart,Philippa
103,Baptism of Fire,Pinto,Pinto
104,Baptism of Fire,Radovid V,Radovid
105,Baptism of Fire,Reef,Reef
106,Baptism of Fire,Reynard Odo,Reynard
107,Baptism of Fire,Riannon,Riannon
108,Baptism of Fire,Rience,Rience
109,Baptism of Fire,Riordain,Riordain
110,Baptism of Fire,Roach,Roach
111,Baptism of Fire,Robert of Garramone,Robert
112,Baptism of Fire,Roger Kameny,Roger
113,Baptism of Fire,Sabrina Glevissig,Sabrina
114,Baptism of Fire,Schirrú,Schirrú
115,Baptism of Fire,Servadio,Servadio
116,Baptism of Fire,Sheala de Tancarville,Sheala
117,Baptism of Fire,Shilard Fitz-Oesterlen,Shilard
118,Baptism of Fire,Sievers,Sievers
119,Baptism of Fire,Sigismund Dijkstra,Sigismund
120,Baptism of Fire,Silvester Bugiardo,Silvester
121,Baptism of Fire,Simlas Finn aep Dabairr,Simlas
122,Baptism of Fire,Sirssa,Sirssa
123,Baptism of Fire,Stefan Skellen,Stefan
124,Baptism of Fire,Stella Congreve,Stella
125,Baptism of Fire,Stribog,Stribog
126,Baptism of Fire,Stucco Zangenis,Stucco
127,Baptism of Fire,Talbot,Talbot
128,Baptism of Fire,Tissaia de Vries,Tissaia
129,Baptism of Fire,Toruviel,Toruviel
130,Baptism of Fire,Triss Merigold,Triss
131,Baptism of Fire,Tugdual,Tugdual
132,Baptism of Fire,Tuzik,Tuzik
133,Baptism of Fire,Vanadain,Vanadain
134,Baptism of Fire,Vascoigne,Vascoigne
135,Baptism of Fire,Vattier de Rideaux,Vattier
136,Baptism of Fire,Vera Loewenhaupt,Vera
137,Baptism of Fire,Vilgefortz,Vilgefortz
138,Baptism of Fire,Vissegerd,Vissegerd
139,Baptism of Fire,Vizimir II,Vizimir
140,Baptism of Fire,Vreemde,Vreemde
141,Baptism of Fire,Vridank,Vridank
142,Baptism of Fire,Xarthisius,Xarthisius
143,Baptism of Fire,Yazon Varda,Yazon
144,Baptism of Fire,Yennefer of Vengerberg,Yennefer
145,Baptism of Fire,Zgarba,Zgarba
146,Baptism of Fire,Zoltan Chivay,Zoltan
147,Blood of Elves,Blood of Elves minor characters,Blood
148,Blood of Elves,Abrad the Old Oak,Abrad
149,Blood of Elves,Aelirenn,Aelirenn
150,Blood of Elves,Agnes of Glanville,Agnes
151,Blood of Elves,Anna Tiller,Anna
152,Blood of Elves,Anséis,Anséis
153,Blood of Elves,Artaud Terranova,Artaud
154,Blood of Elves,Axel Esparza,Axel
155,Blood of Elves,Boatbug,Boatbug
156,Blood of Elves,Boratek,Boratek
157,Blood of Elves,Bronibor,Bronibor
158,Blood of Elves,Cahir Mawr Dyffryn aep Ceallach,Cahir
159,Blood of Elves,Calanthe,Calanthe
160,Blood of Elves,Carduin,Carduin
161,Blood of Elves,Carla Demetia Crest,Carla
162,Blood of Elves,Ciri,Ciri
163,Blood of Elves,Coën,Coën
164,Blood of Elves,Crach an Craite,Crach
165,Blood of Elves,Dandelion,Dandelion
166,Blood of Elves,Demavend III,Demavend
167,Blood of Elves,Dezmod,Dezmod
168,Blood of Elves,Donimir of Troy,Donimir
169,Blood of Elves,Duke de Ruyter,Duke
170,Blood of Elves,Edmund Bumbler,Edmund
171,Blood of Elves,Eist Tuirseach,Eist
172,Blood of Elves,Ekkehard of Sodden,Ekkehard
173,Blood of Elves,Emhyr var Emreis,Emhyr
174,Blood of Elves,Ervyll,Ervyll
175,Blood of Elves,Eskel,Eskel
176,Blood of Elves,Essi Daven,Essi
177,Blood of Elves,Esterad Thyssen,Esterad
178,Blood of Elves,Ethain,Ethain
179,Blood of Elves,Eurneid,Eurneid
180,Blood of Elves,Everett,Everett
181,Blood of Elves,Fercart,Fercart
182,Blood of Elves,Flavius Michelet,Flavius
183,Blood of Elves,Foltest,Foltest
184,Blood of Elves,Francesca Findabair,Francesca
185,Blood of Elves,Geoffrey Monck,Geoffrey
186,Blood of Elves,Geralt of Rivia,Geralt
187,Blood of Elves,Gerhart of Aelle,Gerhart
188,Blood of Elves,Giambattista,Giambattista
189,Blood of Elves,Griffin of Temeria,Griffin
190,Blood of Elves,Gruzila,Gruzila
191,Blood of Elves,Henselt,Henselt
192,Blood of Elves,Herbert Stammelford,Herbert
193,Blood of Elves,Hereward,Hereward
194,Blood of Elves,Hrosvitha,Hrosvitha
195,Blood of Elves,Iola,Iola
196,Blood of Elves,Iola the Second,Iola
197,Blood of Elves,Ironware,Ironware
198,Blood of Elves,Ithlinne,Ithlinne
199,Blood of Elves,Ivo Richert,Ivo
200,Blood of Elves,Jan Bekker,Jan
201,Blood of Elves,Jarre,Jarre
202,Blood of Elves,Katje,Katje
203,Blood of Elves,Keira Metz,Keira
204,Blood of Elves,Kistrin,Kistrin
205,Blood of Elves,Lambert,Lambert
206,Blood of Elves,Linus Pitt,Linus
207,Blood of Elves,Lodovico Michelet,Lodovico
208,Blood of Elves,Lucas Corto,Lucas
209,Blood of Elves,Lydia van Bredevoort,Lydia
210,Blood of Elves,Lytta Neyd,Lytta
211,Blood of Elves,Mama Lantieri,Mama
212,Blood of Elves,Maria Louisa La Valette,Maria
213,Blood of Elves,Marquis La Creahme,Marquis
214,Blood of Elves,Medell,Medell
215,Blood of Elves,Menno Coehoorn,Menno
216,Blood of Elves,Meve,Meve
217,Blood of Elves,Michelet brothers,Michelet
218,Blood of Elves,Milan Raupenneck,Milan
219,Blood of Elves,Myhrman,Myhrman
220,Blood of Elves,Myrrha,Myrrha
221,Blood of Elves,Nenneke,Nenneke
222,Blood of Elves,Nicodemus de Boot,Nicodemus
223,Blood of Elves,Niedamir,Niedamir
224,Blood of Elves,Old Baron La Valette,Old
225,Blood of Elves,Olsen,Olsen
226,Blood of Elves,Ori Reuven,Ori
227,Blood of Elves,Paulie Dahlberg,Paulie
228,Blood of Elves,Pavetta,Pavetta
229,Blood of Elves,Pelligram,Pelligram
230,Blood of Elves,Philippa Eilhart,Philippa
231,Blood of Elves,Podveyka,Podveyka
232,Blood of Elves,Radcliffe,Radcliffe
233,Blood of Elves,Radovid I,Radovid
234,Blood of Elves,Radovid III,Radovid
235,Blood of Elves,Rayla,Rayla
236,Blood of Elves,Regan Dahlberg,Regan
237,Blood of Elves,Reginald,Reginald
238,Blood of Elves,Rience,Rience
239,Blood of Elves,Rizzi Michelet,Rizzi
240,Blood of Elves,Roach,Roach
241,Blood of Elves,Sambuk,Sambuk
242,Blood of Elves,Schrader,Schrader
243,Blood of Elves,Shani,Shani
244,Blood of Elves,Sheldon Skaggs,Sheldon
245,Blood of Elves,Sigismund Dijkstra,Sigismund
246,Blood of Elves,Stran,Stran
247,Blood of Elves,Tissaia de Vries,Tissaia
248,Blood of Elves,Toublanc Michelet,Toublanc
249,Blood of Elves,Triss Merigold,Triss
250,Blood of Elves,Unist,Unist
251,Blood of Elves,Vanielle,Vanielle
252,Blood of Elves,Venzlav,Venzlav
253,Blood of Elves,Vera Loewenhaupt,Vera
254,Blood of Elves,Vesemir,Vesemir
255,Blood of Elves,Vilfrid Wenck,Vilfrid
256,Blood of Elves,Vilgefortz,Vilgefortz
257,Blood of Elves,Villem,Villem
258,Blood of Elves,Virfuril,Virfuril
259,Blood of Elves,Vissegerd,Vissegerd
260,Blood of Elves,Vitek,Vitek
261,Blood of Elves,Vizimir II,Vizimir
262,Blood of Elves,Windhalm of Attre,Windhalm
263,Blood of Elves,Wolfgang Amadeus Goatbeard,Wolfgang
264,Blood of Elves,Xavier Moran,Xavier
265,Blood of Elves,Yannick Brass,Yannick
266,Blood of Elves,Yarpen Zigrin,Yarpen
267,Blood of Elves,Yennefer of Vengerberg,Yennefer
268,Blood of Elves,Yoël Grethen,Yoël
269,Blood of Elves,Zyvik,Zyvik
270,Season of Storms,Abner de Navarette,Abner
271,Season of Storms,Adda the White,Adda
272,Season of Storms,Addarion Bach,Addarion
273,Season of Storms,Aguara,Aguara
274,Season of Storms,Aileach Mor-Dhu,Aileach
275,Season of Storms,Albert Smulka,Albert
276,Season of Storms,Algernon Guincamp,Algernon
277,Season of Storms,Alzur,Alzur
278,Season of Storms,Antea Derris,Antea
279,Season of Storms,Axel Esparza,Axel
280,Season of Storms,Bang,Bang
281,Season of Storms,Belohun,Belohun
282,Season of Storms,Bernie Hofmeier,Bernie
283,Season of Storms,Biruta Icarti,Biruta
284,Season of Storms,Brehen,Brehen
285,Season of Storms,Briana de Sepulveda,Briana
286,Season of Storms,Bue,Bue
287,Season of Storms,Ciri,Ciri
288,Season of Storms,Codringher,Codringher
289,Season of Storms,Colonel de Santis,Colonel
290,Season of Storms,Coppenrath,Coppenrath
291,Season of Storms,Cosimo Malaspina,Cosimo
292,Season of Storms,Dandelion,Dandelion
293,Season of Storms,Drofuss,Drofuss
294,Season of Storms,Edwina,Edwina
295,Season of Storms,Effenberg,Effenberg
296,Season of Storms,Egmund,Egmund
297,Season of Storms,Elmer,Elmer
298,Season of Storms,Escayrac,Escayrac
299,Season of Storms,Febus Ravenga,Febus
300,Season of Storms,Ferrant de Lettenhove,Ferrant
301,Season of Storms,Floquet,Floquet
302,Season of Storms,Frans Torquil,Frans
303,Season of Storms,Geoffrey Monck,Geoffrey
304,Season of Storms,Geralt of Rivia,Geralt
305,Season of Storms,Gonschorek,Gonschorek
306,Season of Storms,Harlan Tzara,Harlan
307,Season of Storms,Horvath,Horvath
308,Season of Storms,Idarran of Ulivo,Idarran
309,Season of Storms,Ildiko Breckl,Ildiko
310,Season of Storms,Jacob de Sepulveda,Jacob
311,Season of Storms,Jacob Fenn,Jacob
312,Season of Storms,Jan Bekker,Jan
313,Season of Storms,Javil Fysh,Javil
314,Season of Storms,Jerosa Fuerte,Jerosa
315,Season of Storms,Jonas,Jonas
316,Season of Storms,Kevenard van Vliet,Kevenard
317,Season of Storms,Lebioda,Lebioda
318,Season of Storms,Ligenza,Ligenza
319,Season of Storms,Lindenbrog,Lindenbrog
320,Season of Storms,Lytta Neyd,Lytta
321,Season of Storms,Marti Södergren,Marti
322,Season of Storms,Maximilian Borsodi,Maximilian
323,Season of Storms,Maximilian Borsodi's brother,Maximilian
324,Season of Storms,Messer Luppi,Messer
325,Season of Storms,Mikita,Mikita
326,Season of Storms,Molnar Giancardi,Molnar
327,Season of Storms,Mozaïk,Mozaïk
328,Season of Storms,Myles Trethevey,Myles
329,Season of Storms,Narses de la Roche,Narses
330,Season of Storms,Nikefor Muus,Nikefor
331,Season of Storms,Nimue verch Wledyr ap Gwyn,Nimue
332,Season of Storms,Nino Cianfanelli,Nino
333,Season of Storms,Ohnesorg,Ohnesorg
334,Season of Storms,Ortolan,Ortolan
335,Season of Storms,Osmyk,Osmyk
336,Season of Storms,Otto Dussart,Otto
337,Season of Storms,Pandolfo Forteguerra,Pandolfo
338,Season of Storms,Parlaghy,Parlaghy
339,Season of Storms,Pastor,Pastor
340,Season of Storms,Pelligram,Pelligram
341,Season of Storms,Petru Cobbin,Petru
342,Season of Storms,Prochaska,Prochaska
343,Season of Storms,Prospero Basti,Prospero
344,Season of Storms,Pudlorak,Pudlorak
345,Season of Storms,Pyral Pratt,Pyral
346,Season of Storms,Rhyd,Rhyd
347,Season of Storms,Richter,Richter
348,Season of Storms,Roach,Roach
349,Season of Storms,Ropp,Ropp
350,Season of Storms,Sabrina Glevissig,Sabrina
351,Season of Storms,Samsa,Samsa
352,Season of Storms,Shevlov,Shevlov
353,Season of Storms,Sorel Degerlund,Sorel
354,Season of Storms,Stucco Zangenis,Stucco
355,Season of Storms,Talbot,Talbot
356,Season of Storms,Tarp,Tarp
357,Season of Storms,Tarvix Sandoval,Tarvix
358,Season of Storms,Tiziana Frevi,Tiziana
359,Season of Storms,Tonton Zroga,Tonton
360,Season of Storms,Trent,Trent
361,Season of Storms,Tukaj,Tukaj
362,Season of Storms,Tverdoruk,Tverdoruk
363,Season of Storms,Vesemir,Vesemir
364,Season of Storms,Videmont,Videmont
365,Season of Storms,Vimme Vivaldi,Vimme
366,Season of Storms,Violetta,Violetta
367,Season of Storms,Viraxas,Viraxas
368,Season of Storms,Vizimir II,Vizimir
369,Season of Storms,Vorsterkranz,Vorsterkranz
370,Season of Storms,Vysogota of Corvo,Vysogota
371,Season of Storms,Wledyr,Wledyr
372,Season of Storms,Xander,Xander
373,Season of Storms,Xymena de Sepulveda,Xymena
374,Season of Storms,Yan Malkin,Yan
375,Season of Storms,Yennefer of Vengerberg,Yennefer
376,"Something Ends, Something Begins",Adda the White,Adda
377,"Something Ends, Something Begins",Agloval,Agloval
378,"Something Ends, Something Begins",Alzur,Alzur
379,"Something Ends, Something Begins",Annika,Annika
380,"Something Ends, Something Begins",Braenn,Braenn
381,"Something Ends, Something Begins",Brennan,Brennan
382,"Something Ends, Something Begins",Caldemeyn,Caldemeyn
383,"Something Ends, Something Begins",Chireadan,Chireadan
384,"Something Ends, Something Begins",Ciri,Ciri
385,"Something Ends, Something Begins",Cirilla ,Cirilla
386,"Something Ends, Something Begins",Crach an Craite,Crach
387,"Something Ends, Something Begins",Czop,Czop
388,"Something Ends, Something Begins",Dainty Biberveldt,Dainty
389,"Something Ends, Something Begins",Dandelion,Dandelion
390,"Something Ends, Something Begins",Devereux,Devereux
391,"Something Ends, Something Begins",Dorregaray,Dorregaray
392,"Something Ends, Something Begins",Dudu,Dudu
393,"Something Ends, Something Begins",Eithné ,Eithné
394,"Something Ends, Something Begins",Eskel,Eskel
395,"Something Ends, Something Begins",Ethain,Ethain
396,"Something Ends, Something Begins",Eurneid,Eurneid
397,"Something Ends, Something Begins",Fregenal,Fregenal
398,"Something Ends, Something Begins",Freixenet,Freixenet
399,"Something Ends, Something Begins",Freya ,Freya
400,"Something Ends, Something Begins",Galahad,Galahad
401,"Something Ends, Something Begins",Gardenia Biberveldt,Gardenia
402,"Something Ends, Something Begins",Geralt of Rivia,Geralt
403,"Something Ends, Something Begins",Grozim,Grozim
404,"Something Ends, Something Begins",Herwig,Herwig
405,"Something Ends, Something Begins",Hotspurn,Hotspurn
406,"Something Ends, Something Begins",Iola the Second,Iola
407,"Something Ends, Something Begins",Jarre,Jarre
408,"Something Ends, Something Begins",Kashka,Kashka
409,"Something Ends, Something Begins",Kehl,Kehl
410,"Something Ends, Something Begins",Kelpie ,Kelpie
411,"Something Ends, Something Begins",Korin,Korin
412,"Something Ends, Something Begins",Koshchey's Men,Koshchey's
413,"Something Ends, Something Begins",Leo Bonhart,Leo
414,"Something Ends, Something Begins",Lily Biberveldt,Lily
415,"Something Ends, Something Begins",Loki an Craite,Loki
416,"Something Ends, Something Begins",Manissa,Manissa
417,"Something Ends, Something Begins",Matholm,Matholm
418,"Something Ends, Something Begins",Merle,Merle
419,"Something Ends, Something Begins",Mikula ,Mikula
420,"Something Ends, Something Begins",Mistle,Mistle
421,"Something Ends, Something Begins",Mona ,Mona
422,"Something Ends, Something Begins",Morenn ,Morenn
423,"Something Ends, Something Begins",Mousesack,Mousesack
424,"Something Ends, Something Begins",Nenneke,Nenneke
425,"Something Ends, Something Begins",Percival Schuttenbach,Percival
426,"Something Ends, Something Begins",Radcliffe,Radcliffe
427,"Something Ends, Something Begins",Radim,Radim
428,"Something Ends, Something Begins",Ragnar an Craite,Ragnar
429,"Something Ends, Something Begins",Sandy Frogmorton,Sandy
430,"Something Ends, Something Begins",Sh'eenaz,Sh'eenaz
431,"Something Ends, Something Begins",Sigismund Dijkstra,Sigismund
432,"Something Ends, Something Begins","Something Ends, Something Begins minor characters",Something
433,"Something Ends, Something Begins",Sulivoy,Sulivoy
434,"Something Ends, Something Begins",Topin,Topin
435,"Something Ends, Something Begins",Triss Merigold,Triss
436,"Something Ends, Something Begins",Venzlav,Venzlav
437,"Something Ends, Something Begins",Vesemir,Vesemir
438,"Something Ends, Something Begins",Villentretenmerth,Villentretenmerth
439,"Something Ends, Something Begins",Visenna,Visenna
440,"Something Ends, Something Begins",Vissing,Vissing
441,"Something Ends, Something Begins",White Lady,White
442,"Something Ends, Something Begins",Willem,Willem
443,"Something Ends, Something Begins",Yarpen Zigrin,Yarpen
444,"Something Ends, Something Begins",Yennefer of Vengerberg,Yennefer
445,"Something Ends, Something Begins",Yves,Yves
446,Sword of Destiny,Agloval,Agloval
447,Sword of Destiny,Akeretta,Akeretta
448,Sword of Destiny,Alvina,Alvina
449,Sword of Destiny,Arno Hardbottom,Arno
450,Sword of Destiny,Artaud Terranova,Artaud
451,Sword of Destiny,Atlan Kerk,Atlan
452,Sword of Destiny,Axel Esparza,Axel
453,Sword of Destiny,Beady-eyes,Beady-eyes
454,Sword of Destiny,Begonia Biberveldt,Begonia
455,Sword of Destiny,Boholt,Boholt
456,Sword of Destiny,Braenn,Braenn
457,Sword of Destiny,Brick,Brick
458,Sword of Destiny,Budibog,Budibog
459,Sword of Destiny,Calanthe,Calanthe
460,Sword of Destiny,Chappelle,Chappelle
461,Sword of Destiny,Ciri,Ciri
462,Sword of Destiny,Crinfrid Reavers,Crinfrid
463,Sword of Destiny,Cynthia ,Cynthia
464,Sword of Destiny,Dagobert,Dagobert
465,Sword of Destiny,Dainty Biberveldt,Dainty
466,Sword of Destiny,Dalia,Dalia
467,Sword of Destiny,Dandelion,Dandelion
468,Sword of Destiny,Detchka,Detchka
469,Sword of Destiny,Dezmod,Dezmod
470,Sword of Destiny,Dorregaray,Dorregaray
471,Sword of Destiny,Drunken ferryman,Drunken
472,Sword of Destiny,Dudu,Dudu
473,Sword of Destiny,Dunca,Dunca
474,Sword of Destiny,Ebbing quadruplets,Ebbing
475,Sword of Destiny,Eist Tuirseach,Eist
476,Sword of Destiny,Eithné,Eithné
477,Sword of Destiny,Ekkehard of Sodden,Ekkehard
478,Sword of Destiny,Eliza,Eliza
479,Sword of Destiny,Emhyr var Emreis,Emhyr
480,Sword of Destiny,Ervyll,Ervyll
481,Sword of Destiny,Essi Daven,Essi
482,Sword of Destiny,Ethain,Ethain
483,Sword of Destiny,Eyck of Denesle,Eyck
484,Sword of Destiny,Fercart,Fercart
485,Sword of Destiny,Freixenet,Freixenet
486,Sword of Destiny,Gar,Gar
487,Sword of Destiny,Gardenia Biberveldt,Gardenia
488,Sword of Destiny,Gaspard Drouhard,Gaspard
489,Sword of Destiny,Geralt of Rivia,Geralt
490,Sword of Destiny,Goldencheeks,Goldencheeks
491,Sword of Destiny,Gorazd,Gorazd
492,Sword of Destiny,Gritzi,Gritzi
493,Sword of Destiny,Gyllenstiern,Gyllenstiern
494,Sword of Destiny,Herbolth,Herbolth
495,Sword of Destiny,Istredd,Istredd
496,Sword of Destiny,Ivo Mirce,Ivo
497,Sword of Destiny,Joachim Schwann,Joachim
498,Sword of Destiny,Juan Pablo Vassermiller,Juan
499,Sword of Destiny,Junghans,Junghans
500,Sword of Destiny,Kennet,Kennet
501,Sword of Destiny,Kistrin,Kistrin
502,Sword of Destiny,Kreve,Kreve
503,Sword of Destiny,Lawdbor,Lawdbor
504,Sword of Destiny,Levecque,Levecque
505,Sword of Destiny,Lucas Corto,Lucas
506,Sword of Destiny,Lytta Neyd,Lytta
507,Sword of Destiny,Marck,Marck
508,Sword of Destiny,Mestvin,Mestvin
509,Sword of Destiny,Mitzi,Mitzi
510,Sword of Destiny,Morénn,Morénn
511,Sword of Destiny,Mousesack,Mousesack
512,Sword of Destiny,Muskrat,Muskrat
513,Sword of Destiny,Myrgtabrakke,Myrgtabrakke
514,Sword of Destiny,Nadbor,Nadbor
515,Sword of Destiny,Nelumbo,Nelumbo
516,Sword of Destiny,Niedamir,Niedamir
517,Sword of Destiny,Paulie Dahlberg,Paulie
518,Sword of Destiny,Pavetta,Pavetta
519,Sword of Destiny,Podveyka,Podveyka
520,Sword of Destiny,Pokvit,Pokvit
521,Sword of Destiny,Putzi,Putzi
522,Sword of Destiny,Radcliffe,Radcliffe
523,Sword of Destiny,Regan Dahlberg,Regan
524,Sword of Destiny,Rhundurin,Rhundurin
525,Sword of Destiny,Rhyd,Rhyd
526,Sword of Destiny,Roach,Roach
527,Sword of Destiny,Roedskilde,Roedskilde
528,Sword of Destiny,Sabrina Glevissig,Sabrina
529,Sword of Destiny,Sambuk,Sambuk
530,Sword of Destiny,Sh'eenaz,Sh'eenaz
531,Sword of Destiny,Sheepbagger,Sheepbagger
532,Sword of Destiny,Sirssa,Sirssa
533,Sword of Destiny,Sorrel,Sorrel
534,Sword of Destiny,Stefan Skellen,Stefan
535,Sword of Destiny,Sulik,Sulik
536,Sword of Destiny,Sulimir,Sulimir
537,Sword of Destiny,Sword of Destiny minor characters,Sword
538,Sword of Destiny,Teleri Drouhard,Teleri
539,Sword of Destiny,Ther Lukokian,Ther
540,Sword of Destiny,Triss Merigold,Triss
541,Sword of Destiny,Téa,Téa
542,Sword of Destiny,Vanda,Vanda
543,Sword of Destiny,Vanielle,Vanielle
544,Sword of Destiny,Vell,Vell
545,Sword of Destiny,Venzlav,Venzlav
546,Sword of Destiny,Vertvern,Vertvern
547,Sword of Destiny,Vesemir,Vesemir
548,Sword of Destiny,Vespula,Vespula
549,Sword of Destiny,Veverka,Veverka
550,Sword of Destiny,Villentretenmerth,Villentretenmerth
551,Sword of Destiny,Vimme Vivaldi,Vimme
552,Sword of Destiny,Viraxas,Viraxas
553,Sword of Destiny,Visenna,Visenna
554,Sword of Destiny,Voymir ,Voymir
555,Sword of Destiny,Véa,Véa
556,Sword of Destiny,Xavier Moran,Xavier
557,Sword of Destiny,Yannick Brass,Yannick
558,Sword of Destiny,Yarpen Zigrin,Yarpen
559,Sword of Destiny,Yennefer of Vengerberg,Yennefer
560,Sword of Destiny,Yoël Grethen,Yoël
561,Sword of Destiny,Yurga,Yurga
562,Sword of Destiny,Zelest,Zelest
563,Szpony i kły,Ethain,Ethain
564,Szpony i kły,Mathen,Mathen
565,Szpony i kły,Sha,Sha
566,Tales from the world of The Witcher,Saint Elmo,Saint
567,The Lady of the Lake,Aarhenius Krantz,Aarhenius
568,The Lady of the Lake,Abonde,Abonde
569,The Lady of the Lake,Adam Pangratt,Adam
570,The Lady of the Lake,Adela Marta,Adela
571,The Lady of the Lake,Aen Saevherne,Aen
572,The Lady of the Lake,Aillil Mawr Dyffryn aep Ceallach,Aillil
573,The Lady of the Lake,Albert Solpietra,Albert
574,The Lady of the Lake,Alcides Fierabras,Alcides
575,The Lady of the Lake,Aloë Hildebrandt,Aloë
576,The Lady of the Lake,Amadis de Trastamara,Amadis
577,The Lady of the Lake,Andy Biberveldt,Andy
578,The Lady of the Lake,Angoulême,Angoulême
579,The Lady of the Lake,Angus Bri Cri,Angus
580,The Lady of the Lake,Anna Henrietta,Anna
581,The Lady of the Lake,Anna Tiller,Anna
582,The Lady of the Lake,Anzelm Aubry,Anzelm
583,The Lady of the Lake,Ardal aep Dahy,Ardal
584,The Lady of the Lake,Aristoteles Bobeck,Aristoteles
585,The Lady of the Lake,Arthur,Arthur
586,The Lady of the Lake,Artorius Vigo,Artorius
587,The Lady of the Lake,Assire var Anahid,Assire
588,The Lady of the Lake,Auberon Muircetach,Auberon
589,The Lady of the Lake,Aubry ,Aubry
590,The Lady of the Lake,Avallac'h,Avallac'h
591,The Lady of the Lake,Barclay Els,Barclay
592,The Lady of the Lake,Berengar Leuvaarden,Berengar
593,The Lady of the Lake,Bernie Hofmeier,Bernie
594,The Lady of the Lake,Bertram Skellen,Bertram
595,The Lady of the Lake,Blasco Grant,Blasco
596,The Lady of the Lake,Blenheim Blenckert,Blenheim
597,The Lady of the Lake,Boreas Mun,Boreas
598,The Lady of the Lake,Braathens,Braathens
599,The Lady of the Lake,Bronibor,Bronibor
600,The Lady of the Lake,Brouver Hoog,Brouver
601,The Lady of the Lake,Bucephalus,Bucephalus
602,The Lady of the Lake,Cahir Mawr Dyffryn aep Ceallach,Cahir
603,The Lady of the Lake,Cairbre aep Diared,Cairbre
604,The Lady of the Lake,Calanthe,Calanthe
605,The Lady of the Lake,Carolina Roberta,Carolina
606,The Lady of the Lake,Carthia van Canten,Carthia
607,The Lady of the Lake,Ceallach aep Gruffyd,Ceallach
608,The Lady of the Lake,Cedric ,Cedric
609,The Lady of the Lake,Cerro,Cerro
610,The Lady of the Lake,Chevron Knight,Chevron
611,The Lady of the Lake,Cinead var Anahid,Cinead
612,The Lady of the Lake,Ciri,Ciri
613,The Lady of the Lake,Ciri ,Ciri
614,The Lady of the Lake,Cirilla Fiona ,Cirilla
615,The Lady of the Lake,Coinneach Dá Reo,Coinneach
616,The Lady of the Lake,Condwiramurs Tilly,Condwiramurs
617,The Lady of the Lake,Corbett,Corbett
618,The Lady of the Lake,Count Broinne,Count
619,The Lady of the Lake,Count de Ruyter,Count
620,The Lady of the Lake,Coën,Coën
621,The Lady of the Lake,Cregennan of Lod,Cregennan
622,The Lady of the Lake,Cyprian Fripp the younger,Cyprian
623,The Lady of the Lake,Cyrus Engelkind Hemmelfart,Cyrus
624,The Lady of the Lake,Dacre Silifant,Dacre
625,The Lady of the Lake,Dagorad,Dagorad
626,The Lady of the Lake,Dandelion,Dandelion
627,The Lady of the Lake,Daniel Etcheverry,Daniel
628,The Lady of the Lake,Debora,Debora
629,The Lady of the Lake,Dede Vargas,Dede
630,The Lady of the Lake,Demavend III,Demavend
631,The Lady of the Lake,Dennis Cranmer,Dennis
632,The Lady of the Lake,Deuslax,Deuslax
633,The Lady of the Lake,Devlin aep Meara,Devlin
634,The Lady of the Lake,Dezmod,Dezmod
635,The Lady of the Lake,Dheran Mawr Dyffryn aep Ceallach,Dheran
636,The Lady of the Lake,Didi Hofmeier,Didi
637,The Lady of the Lake,Digod,Digod
638,The Lady of the Lake,Dominik Bombastus Houvenaghel,Dominik
639,The Lady of the Lake,Draakul,Draakul
640,The Lady of the Lake,Dyffryn,Dyffryn
641,The Lady of the Lake,Edmund Bumbler,Edmund
642,The Lady of the Lake,Effenberg,Effenberg
643,The Lady of the Lake,Eithné,Eithné
644,The Lady of the Lake,Elan Trahe,Elan
645,The Lady of the Lake,Elkana Foster,Elkana
646,The Lady of the Lake,Emhyr var Emreis,Emhyr
647,The Lady of the Lake,Emiel Regis Rohellec Terzieff-Godefroy,Emiel
648,The Lady of the Lake,Emmerich Gottschalk,Emmerich
649,The Lady of the Lake,Eredin Bréacc Glas,Eredin
650,The Lady of the Lake,Ervyll,Ervyll
651,The Lady of the Lake,Eskel,Eskel
652,The Lady of the Lake,Esterad Thyssen,Esterad
653,The Lady of the Lake,Ethain,Ethain
654,The Lady of the Lake,Eudora Breckenriggs,Eudora
655,The Lady of the Lake,Eurneid,Eurneid
656,The Lady of the Lake,Evangelina Parr,Evangelina
657,The Lady of the Lake,Eviva var Anahid,Eviva
658,The Lady of the Lake,Fabio Sachs,Fabio
659,The Lady of the Lake,Falka,Falka
660,The Lady of the Lake,Fergus var Emreis,Fergus
661,The Lady of the Lake,Field Marshal Windbag,Field
662,The Lady of the Lake,Figgis Merluzzo,Figgis
663,The Lady of the Lake,Fisher King ,Fisher
664,The Lady of the Lake,Fitz-Oesterlen ,Fitz-Oesterlen
665,The Lady of the Lake,Flourens Delannoy,Flourens
666,The Lady of the Lake,Foltest,Foltest
667,The Lady of the Lake,Forest Gramps,Forest
668,The Lady of the Lake,Francesca Findabair,Francesca
669,The Lady of the Lake,Fringilla Vigo,Fringilla
670,The Lady of the Lake,Fulko Artevelde,Fulko
671,The Lady of the Lake,Fuson,Fuson
672,The Lady of the Lake,Galahad,Galahad
673,The Lady of the Lake,Gardik,Gardik
674,The Lady of the Lake,Gefreiter Corncrake,Gefreiter
675,The Lady of the Lake,Geralt of Rivia,Geralt
676,The Lady of the Lake,Goidemar,Goidemar
677,The Lady of the Lake,Goulue,Goulue
678,The Lady of the Lake,Gruffyd,Gruffyd
679,The Lady of the Lake,Guy de Bois-Fresnes,Guy
680,The Lady of the Lake,Hamilcar Danza,Hamilcar
681,The Lady of the Lake,Hedwig of Malleore,Hedwig
682,The Lady of the Lake,Henselt,Henselt
683,The Lady of the Lake,Hereward,Hereward
684,The Lady of the Lake,Holofernes Hofmeier,Holofernes
685,The Lady of the Lake,Ida Emean aep Sivney,Ida
686,The Lady of the Lake,Ihuarraquax,Ihuarraquax
687,The Lady of the Lake,Impatientia Vanderbeck,Impatientia
688,The Lady of the Lake,Incarvilia Hildebrandt,Incarvilia
689,The Lady of the Lake,Iola the Second,Iola
690,The Lady of the Lake,Isengrim Faoiltiarna,Isengrim
691,The Lady of the Lake,Istvan Igalffy,Istvan
692,The Lady of the Lake,Ithlinne,Ithlinne
693,The Lady of the Lake,Jacqueline,Jacqueline
694,The Lady of the Lake,Jan Lennep,Jan
695,The Lady of the Lake,Jan Natalis,Jan
696,The Lady of the Lake,Jarre,Jarre
697,The Lady of the Lake,Jean Catillon,Jean
698,The Lady of the Lake,Jean La Voisier,Jean
699,The Lady of the Lake,Joachim de Wett,Joachim
700,The Lady of the Lake,John of Attre,John
701,The Lady of the Lake,Juan Gutierrez,Juan
702,The Lady of the Lake,Julia Abatemarco,Julia
703,The Lady of the Lake,Katje,Katje
704,The Lady of the Lake,Kees van Lo,Kees
705,The Lady of the Lake,Keira Metz,Keira
706,The Lady of the Lake,Kelpie ,Kelpie
707,The Lady of the Lake,King of the Wild Hunt,King
708,The Lady of the Lake,Kistrin,Kistrin
709,The Lady of the Lake,Klaproth,Klaproth
710,The Lady of the Lake,Kobus de Ruyter,Kobus
711,The Lady of the Lake,Lamarr Flaut,Lamarr
712,The Lady of the Lake,Lambert,Lambert
713,The Lady of the Lake,Lara Dorren,Lara
714,The Lady of the Lake,Lebioda,Lebioda
715,The Lady of the Lake,Leo Bonhart,Leo
716,The Lady of the Lake,Leon Oppenhauser,Leon
717,The Lady of the Lake,Liam aep Muir Moss,Liam
718,The Lady of the Lake,Lorenzo Molla,Lorenzo
719,The Lady of the Lake,Lucienne,Lucienne
720,The Lady of the Lake,Lydia van Bredevoort,Lydia
721,The Lady of the Lake,Lytta Neyd,Lytta
722,The Lady of the Lake,Malatesta,Malatesta
723,The Lady of the Lake,Margarita Laux-Antille,Margarita
724,The Lady of the Lake,Markus Braibant,Markus
725,The Lady of the Lake,Marti Södergren,Marti
726,The Lady of the Lake,Mawr var Anahid,Mawr
727,The Lady of the Lake,Melfi,Melfi
728,The Lady of the Lake,Menno Coehoorn,Menno
729,The Lady of the Lake,Meve,Meve
730,The Lady of the Lake,Milo Vanderbeck,Milo
731,The Lady of the Lake,Milton,Milton
732,The Lady of the Lake,Milton de Peyrac-Peyran,Milton
733,The Lady of the Lake,Milva,Milva
734,The Lady of the Lake,Mistle,Mistle
735,The Lady of the Lake,Morvran Voorhis,Morvran
736,The Lady of the Lake,Munro Bruys,Munro
737,The Lady of the Lake,Myrrha,Myrrha
738,The Lady of the Lake,Nadia Esposito,Nadia
739,The Lady of the Lake,Natanis,Natanis
740,The Lady of the Lake,Nenneke,Nenneke
741,The Lady of the Lake,Nicodemus de Boot,Nicodemus
742,The Lady of the Lake,Nimue verch Wledyr ap Gwyn,Nimue
743,The Lady of the Lake,Nitert,Nitert
744,The Lady of the Lake,Notturna,Notturna
745,The Lady of the Lake,Nycklar,Nycklar
746,The Lady of the Lake,Ograbek,Ograbek
747,The Lady of the Lake,Okultich,Okultich
748,The Lady of the Lake,Ola Harsheim,Ola
749,The Lady of the Lake,Orestes Kopps,Orestes
750,The Lady of the Lake,Ori Reuven,Ori
751,The Lady of the Lake,Otto de Congreve,Otto
752,The Lady of the Lake,Ouder de Wyngalt,Ouder
753,The Lady of the Lake,Palmerin de Launfal,Palmerin
754,The Lady of the Lake,Papebrock,Papebrock
755,The Lady of the Lake,Paulie Dahlberg,Paulie
756,The Lady of the Lake,Pelligram,Pelligram
757,The Lady of the Lake,Percival Schuttenbach,Percival
758,The Lady of the Lake,Peter Faramond,Peter
759,The Lady of the Lake,Petunia Hildebrandt,Petunia
760,The Lady of the Lake,Philippa Eilhart,Philippa
761,The Lady of the Lake,Pike ,Pike
762,The Lady of the Lake,Prince Voorhis,Prince
763,The Lady of the Lake,Prine,Prine
764,The Lady of the Lake,Puttkammer,Puttkammer
765,The Lady of the Lake,Radovid V,Radovid
766,The Lady of the Lake,Ramon Tyrconnel,Ramon
767,The Last Wish,Abergard,Abergard
768,The Last Wish,"Abrad ""Jack-up-the-Skirt""",Abrad
769,The Last Wish,Adda of Temeria,Adda
770,The Last Wish,Adda the White,Adda
771,The Last Wish,Aen Saevherne,Aen
772,The Last Wish,Akerspaark,Akerspaark
773,The Last Wish,Aridea,Aridea
774,The Last Wish,Arthur Tailles,Arthur
775,The Last Wish,Audoen,Audoen
776,The Last Wish,Beau Berrant,Beau
777,The Last Wish,Bernika,Bernika
778,The Last Wish,Borg,Borg
779,The Last Wish,Bran Tuirseach,Bran
780,The Last Wish,Butcher of Blaviken,Butcher
781,The Last Wish,Calanthe,Calanthe
782,The Last Wish,Caldemeyn,Caldemeyn
783,The Last Wish,Carrypebble,Carrypebble
784,The Last Wish,Centurion ,Centurion
785,The Last Wish,Cerberus,Cerberus
786,The Last Wish,Cerro,Cerro
787,The Last Wish,Chireadan,Chireadan
788,The Last Wish,Civril,Civril
789,The Last Wish,Crach an Craite,Crach
790,The Last Wish,Crach's mother,Crach's
791,The Last Wish,Dalimira,Dalimira
792,The Last Wish,Dandelion,Dandelion
793,The Last Wish,Dennis Cranmer,Dennis
794,The Last Wish,Dezmod,Dezmod
795,The Last Wish,Dhun,Dhun
796,The Last Wish,Dragomir,Dragomir
797,The Last Wish,Draig Bon-Dhu,Draig
798,The Last Wish,Drogodar,Drogodar
799,The Last Wish,Eist Tuirseach,Eist
800,The Last Wish,Eltibald,Eltibald
801,The Last Wish,Emhyr var Emreis,Emhyr
802,The Last Wish,Ermellia,Ermellia
803,The Last Wish,Errdil,Errdil
804,The Last Wish,Eskel,Eskel
805,The Last Wish,Ethain,Ethain
806,The Last Wish,Evermir,Evermir
807,The Last Wish,Eylembert of Tigg,Eylembert
808,The Last Wish,Falwick,Falwick
809,The Last Wish,Fenne,Fenne
810,The Last Wish,Fialka,Fialka
811,The Last Wish,Fifteen,Fifteen
812,The Last Wish,Filavandrel aén Fidháil,Filavandrel
813,The Last Wish,Fodcat,Fodcat
814,The Last Wish,Foltest,Foltest
815,The Last Wish,Fredefalk Vellga,Fredefalk
816,The Last Wish,Galarr,Galarr
817,The Last Wish,Geoffrey Monck,Geoffrey
818,The Last Wish,Geralt of Rivia,Geralt
819,The Last Wish,Glutton,Glutton
820,The Last Wish,Haxo,Haxo
821,The Last Wish,Herbert Stammelford,Herbert
822,The Last Wish,Hereward,Hereward
823,The Last Wish,Heribert,Heribert
824,The Last Wish,Idi,Idi
825,The Last Wish,Ilka,Ilka
826,The Last Wish,Iola,Iola
827,The Last Wish,Irion,Irion
828,The Last Wish,Karelka,Karelka
829,The Last Wish,Krepp,Krepp
830,The Last Wish,Laurelnose,Laurelnose
831,The Last Wish,Lebioda,Lebioda
832,The Last Wish,Lenka,Lenka
833,The Last Wish,Libushe,Libushe
834,The Last Wish,Lille,Lille
835,The Last Wish,Lord Strept,Lord
836,The Last Wish,Mad Deï,Mad
837,The Last Wish,Marilka,Marilka
838,The Last Wish,Medell,Medell
839,The Last Wish,Mousesack,Mousesack
840,The Last Wish,Nan the Hag,Nan
841,The Last Wish,Nenneke,Nenneke
842,The Last Wish,Nettly,Nettly
843,The Last Wish,Neville,Neville
844,The Last Wish,Nimir,Nimir
845,The Last Wish,Nivellen,Nivellen
846,The Last Wish,Nohorn,Nohorn
847,The Last Wish,Ostrit,Ostrit
848,The Last Wish,Pavetta,Pavetta
849,The Last Wish,Primula,Primula
850,The Last Wish,Rainfarn,Rainfarn
851,The Last Wish,Ravix of Fourhorn,Ravix
852,The Last Wish,Renfri Vellga,Renfri
853,The Last Wish,Roach,Roach
854,The Last Wish,Roderick de Novembre,Roderick
855,The Last Wish,Roegner of Ebbing,Roegner
856,The Last Wish,Rulle Asper,Rulle
857,The Last Wish,Rumplestelt,Rumplestelt
858,The Last Wish,Sancia of Sodden,Sancia
859,The Last Wish,Segelin,Segelin
860,The Last Wish,Seven gnomes,Seven
861,The Last Wish,Silvena ,Silvena
862,The Last Wish,Silvena ,Silvena
863,The Last Wish,Slow,Slow
864,The Last Wish,Stregobor,Stregobor
865,The Last Wish,Supree,Supree
866,The Last Wish,Tavik,Tavik
867,The Last Wish,The Last Wish minor characters,The
868,The Last Wish,Tinglant,Tinglant
869,The Last Wish,Torque,Torque
870,The Last Wish,Toruviel,Toruviel
871,The Last Wish,Treska,Treska
872,The Last Wish,Trigla,Trigla
873,The Last Wish,Triss Merigold,Triss
874,The Last Wish,Valdo Marx,Valdo
875,The Last Wish,Vanadain,Vanadain
876,The Last Wish,Velerad,Velerad
877,The Last Wish,Venimira,Venimira
878,The Last Wish,Vereena,Vereena
879,The Last Wish,Vesemir,Vesemir
880,The Last Wish,Virginia,Virginia
881,The Last Wish,Vissegerd,Vissegerd
882,The Last Wish,Vizimir II,Vizimir
883,The Last Wish,Vratimir,Vratimir
884,The Last Wish,Vridank,Vridank
885,The Last Wish,Vyr,Vyr
886,The Last Wish,Warder,Warder
887,The Last Wish,Wieldhill,Wieldhill
888,The Last Wish,Windhalm of Attre,Windhalm
889,The Last Wish,Yennefer of Vengerberg,Yennefer
890,The Last Wish,Zatret Voruta,Zatret
891,The Last Wish,Zavist,Zavist
892,The Last Wish,Zivelina,Zivelina
893,The Tower of the Swallow,Adam Pangratt,Adam
894,The Tower of the Swallow,Aideen,Aideen
895,The Tower of the Swallow,Almavera,Almavera
896,The Tower of the Swallow,Amaranth,Amaranth
897,The Tower of the Swallow,Ambassador de Ruyter,Ambassador
898,The Tower of the Swallow,Andres Vierny,Andres
899,The Tower of the Swallow,Angoulême,Angoulême
900,The Tower of the Swallow,Anna Henrietta,Anna
901,The Tower of the Swallow,Ardal aep Dahy,Ardal
902,The Tower of the Swallow,Aristide Vermuellen,Aristide
903,The Tower of the Swallow,Asa Thjazi,Asa
904,The Tower of the Swallow,Asse,Asse
905,The Tower of the Swallow,Assire var Anahid,Assire
906,The Tower of the Swallow,Avallac'h,Avallac'h
907,The Tower of the Swallow,Baron of Casadei,Baron
908,The Tower of the Swallow,Benda,Benda
909,The Tower of the Swallow,Bert Brigden,Bert
910,The Tower of the Swallow,Big Lothar,Big
911,The Tower of the Swallow,Billy Goat ,Billy
912,The Tower of the Swallow,Blanka,Blanka
913,The Tower of the Swallow,Boreas Mun,Boreas
914,The Tower of the Swallow,Bran Tuirseach,Bran
915,The Tower of the Swallow,Bucephalus,Bucephalus
916,The Tower of the Swallow,Buyvid Backhuysen,Buyvid
917,The Tower of the Swallow,Cahir Mawr Dyffryn aep Ceallach,Cahir
918,The Tower of the Swallow,Calanthe,Calanthe
919,The Tower of the Swallow,Caleb Stratton,Caleb
920,The Tower of the Swallow,Carthia van Canten,Carthia
921,The Tower of the Swallow,Ceallach aep Gruffyd,Ceallach
922,The Tower of the Swallow,Chloe Stitz,Chloe
923,The Tower of the Swallow,Ciri,Ciri
924,The Tower of the Swallow,Cirilla Fiona ,Cirilla
925,The Tower of the Swallow,Codringher,Codringher
926,The Tower of the Swallow,Coën,Coën
927,The Tower of the Swallow,Crach an Craite,Crach
928,The Tower of the Swallow,Cregennan of Lod,Cregennan
929,The Tower of the Swallow,Cyprian Fripp the elder,Cyprian
930,The Tower of the Swallow,Cyprian Fripp the younger,Cyprian
931,The Tower of the Swallow,D'Arvy,D'Arvy
932,The Tower of the Swallow,Dacre Silifant,Dacre
933,The Tower of the Swallow,Dandelion,Dandelion
934,The Tower of the Swallow,Daniel Etcheverry,Daniel
935,The Tower of the Swallow,Debora,Debora
936,The Tower of the Swallow,Declan Ros aep Maelchlad,Declan
937,The Tower of the Swallow,Dede Vargas,Dede
938,The Tower of the Swallow,Demavend III,Demavend
939,The Tower of the Swallow,Dominik Bombastus Houvenaghel,Dominik
940,The Tower of the Swallow,Draakul,Draakul
941,The Tower of the Swallow,Dufficey Kriel,Dufficey
942,The Tower of the Swallow,Effenberg,Effenberg
943,The Tower of the Swallow,Eist Tuirseach,Eist
944,The Tower of the Swallow,Emhyr var Emreis,Emhyr
945,The Tower of the Swallow,Emiel Regis Rohellec Terzieff-Godefroy,Emiel
946,The Tower of the Swallow,Eredin Bréacc Glas,Eredin
947,The Tower of the Swallow,Eskel,Eskel
948,The Tower of the Swallow,Esterad Thyssen,Esterad
949,The Tower of the Swallow,Esterhazy,Esterhazy
950,The Tower of the Swallow,Esteril Thyssen,Esteril
951,The Tower of the Swallow,Eurneid,Eurneid
952,The Tower of the Swallow,Fabio Sachs,Fabio
953,The Tower of the Swallow,Falka ,Falka
954,The Tower of the Swallow,Fergus var Emreis,Fergus
955,The Tower of the Swallow,Flourens Delannoy,Flourens
956,The Tower of the Swallow,Fringilla Vigo,Fringilla
957,The Tower of the Swallow,Fulko Artevelde,Fulko
958,The Tower of the Swallow,Gabriel ,Gabriel
959,The Tower of the Swallow,Gaudemunda Thyssen,Gaudemunda
960,The Tower of the Swallow,Gedovius Troyden,Gedovius
961,The Tower of the Swallow,Gemma,Gemma
962,The Tower of the Swallow,Geoffrey Monck,Geoffrey
963,The Tower of the Swallow,Geralt of Rivia,Geralt
964,The Tower of the Swallow,Gerard Troyden,Gerard
965,The Tower of the Swallow,Giselher,Giselher
966,The Tower of the Swallow,Golan Drozdeck,Golan
967,The Tower of the Swallow,Gosta,Gosta
968,The Tower of the Swallow,Goulue,Goulue
969,The Tower of the Swallow,Guiscard Vermuellen,Guiscard
970,The Tower of the Swallow,Guthlaf,Guthlaf
971,The Tower of the Swallow,Henselt,Henselt
972,The Tower of the Swallow,Hjalmar an Craite,Hjalmar
973,The Tower of the Swallow,Homer Straggen,Homer
974,The Tower of the Swallow,Horsehide,Horsehide
975,The Tower of the Swallow,Hotspurn,Hotspurn
976,The Tower of the Swallow,Iola,Iola
977,The Tower of the Swallow,Iola the Second,Iola
978,The Tower of the Swallow,Iskra,Iskra
979,The Tower of the Swallow,Ithlinne,Ithlinne
980,The Tower of the Swallow,Jacob Fenn,Jacob
981,The Tower of the Swallow,Jan Calveit,Jan
982,The Tower of the Swallow,Jan Cronin,Jan
983,The Tower of the Swallow,Jarre,Jarre
984,The Tower of the Swallow,Jediah Mekesser,Jediah
985,The Tower of the Swallow,Joachim de Wett,Joachim
986,The Tower of the Swallow,Joanna Selborne,Joanna
987,The Tower of the Swallow,Juan Gutierrez,Juan
988,The Tower of the Swallow,Julia Abatemarco,Julia
989,The Tower of the Swallow,Kabernik Turent,Kabernik
990,The Tower of the Swallow,Kamil Ronstetter,Kamil
991,The Tower of the Swallow,Katje,Katje
992,The Tower of the Swallow,Kaveri,Kaveri
993,The Tower of the Swallow,Kayleigh,Kayleigh
994,The Tower of the Swallow,Kelpie ,Kelpie
995,The Tower of the Swallow,Kohut,Kohut
996,The Tower of the Swallow,Lady de Lisemore,Lady
997,The Tower of the Swallow,Lambert,Lambert
998,The Tower of the Swallow,Lara Dorren,Lara
999,The Tower of the Swallow,Lebioda,Lebioda
1000,The Tower of the Swallow,Leo Bonhart,Leo
1001,The Tower of the Swallow,Lorenzo Molla,Lorenzo
1002,The Tower of the Swallow,Lydia van Bredevoort,Lydia
1003,The Tower of the Swallow,Mad Deï,Mad
1004,The Tower of the Swallow,Margarita Laux-Antille,Margarita
1005,The Tower of the Swallow,Marie de Mercey,Marie
1006,The Tower of the Swallow,Markus Braibant,Markus
1007,The Tower of the Swallow,Marquard,Marquard
1008,The Tower of the Swallow,Marquis de Mercey,Marquis
1009,The Tower of the Swallow,Matilda de Nementh-Uyvar,Matilda
1010,The Tower of the Swallow,Matted Hair,Matted
1011,The Tower of the Swallow,Mawr var Anahid,Mawr
1012,The Tower of the Swallow,Menno Coehoorn,Menno
1013,The Tower of the Swallow,Meve,Meve
1014,The Tower of the Swallow,Michael de Noailles,Michael
1015,The Tower of the Swallow,Milo Vanderbeck,Milo
1016,The Tower of the Swallow,Milton de Peyrac-Peyran,Milton
1017,The Tower of the Swallow,Milva,Milva
1018,The Tower of the Swallow,Mistle,Mistle
1019,The Tower of the Swallow,Muchomorek,Muchomorek
1020,The Tower of the Swallow,Myrrha,Myrrha
1021,The Tower of the Swallow,Nenneke,Nenneke
1022,The Tower of the Swallow,Neratin Ceka,Neratin
1023,The Tower of the Swallow,Novosad,Novosad
1024,The Tower of the Swallow,Nycklar,Nycklar
1025,The Tower of the Swallow,Ola Harsheim,Ola
1026,The Tower of the Swallow,Paulie Dahlberg,Paulie
1027,The Tower of the Swallow,Pennycuick,Pennycuick
1028,The Tower of the Swallow,Philippa Eilhart,Philippa
1029,The Tower of the Swallow,Prine,Prine
1030,The Tower of the Swallow,Radcliffe,Radcliffe
1031,The Tower of the Swallow,Radovid I,Radovid
1032,The Tower of the Swallow,Radovid III,Radovid
1033,The Tower of the Swallow,Radovid V,Radovid
1034,The Tower of the Swallow,Raymund,Raymund
1035,The Tower of the Swallow,Reef,Reef
1036,The Tower of the Swallow,Reynart de Bois-Fresnes,Reynart
1037,The Tower of the Swallow,Rhyd,Rhyd
1038,The Tower of the Swallow,Riannon,Riannon
1039,The Tower of the Swallow,Rience,Rience
1040,The Tower of the Swallow,Rispat La Pointe,Rispat
1041,The Tower of the Swallow,Roach,Roach
1042,The Tower of the Swallow,Roderick de Novembre,Roderick
1043,The Tower of the Swallow,Rupert ,Rupert
1044,The Tower of the Swallow,Scarra sisters,Scarra
1045,The Tower of the Swallow,Schirrú,Schirrú
1046,The Tower of the Swallow,Schliemann,Schliemann
1047,The Tower of the Swallow,Sheala de Tancarville,Sheala
1048,The Tower of the Swallow,Sigismund Dijkstra,Sigismund
1049,The Tower of the Swallow,Sigrdrifa,Sigrdrifa
1050,The Tower of the Swallow,Stavro,Stavro
1051,The Tower of the Swallow,Stigward,Stigward
1052,The Tower of the Swallow,Surcratasse,Surcratasse
1053,The Tower of the Swallow,Sven ,Sven
1054,The Tower of the Swallow,Talbot,Talbot
1055,The Tower of the Swallow,Tankred Thyssen,Tankred
1056,The Tower of the Swallow,Til Echrade,Til
1057,The Tower of the Swallow,Tissaia de Vries,Tissaia
1058,The Tower of the Swallow,Torres var Emreis,Torres
1059,The Tower of the Swallow,Triss Merigold,Triss
1060,The Tower of the Swallow,Troyden,Troyden
1061,The Tower of the Swallow,Valdez,Valdez
1062,The Tower of the Swallow,Vattier de Rideaux,Vattier
1063,The Tower of the Swallow,Vesemir,Vesemir
1064,The Tower of the Swallow,Vilgefortz,Vilgefortz
1065,The Tower of the Swallow,Vissegerd,Vissegerd
1066,The Tower of the Swallow,Vizimir II,Vizimir
1067,The Tower of the Swallow,Vysogota of Corvo,Vysogota
1068,The Tower of the Swallow,Walter Beda,Walter
1069,The Tower of the Swallow,Weasel,Weasel
1070,The Tower of the Swallow,Windsor Imbra,Windsor
1071,The Tower of the Swallow,Xarthisius,Xarthisius
1072,The Tower of the Swallow,Yarpen Zigrin,Yarpen
1073,The Tower of the Swallow,Yennefer of Vengerberg,Yennefer
1074,The Tower of the Swallow,Yirrel,Yirrel
1075,The Tower of the Swallow,Yuz Jannowitz,Yuz
1076,The Tower of the Swallow,Zdyb,Zdyb
1077,The Tower of the Swallow,Zuleyka,Zuleyka
1078,The Tower of the Swallow,Zyvik,Zyvik
1079,Time of Contempt,Abdank,Abdank
1080,Time of Contempt,Agnes of Glanville,Agnes
1081,Time of Contempt,Aine Dermott,Aine
1082,Time of Contempt,Akerspaark,Akerspaark
1083,Time of Contempt,Akerspaark's children,Akerspaark's
1084,Time of Contempt,Alia Akerspaark,Alia
1085,Time of Contempt,Aplegatt,Aplegatt
1086,Time of Contempt,April Wenhaver,April
1087,Time of Contempt,Ardal aep Dahy,Ardal
1088,Time of Contempt,Argentina Akerspaark,Argentina
1089,Time of Contempt,Artaud Terranova,Artaud
1090,Time of Contempt,Asse,Asse
1091,Time of Contempt,Audegast,Audegast
1092,Time of Contempt,Augusta Wagner,Augusta
1093,Time of Contempt,Aurora Henson,Aurora
1094,Time of Contempt,Bernie Hofmeier,Bernie
1095,Time of Contempt,Bianca d'Este,Bianca
1096,Time of Contempt,Blaise,Blaise
1097,Time of Contempt,Blue Knight,Blue
1098,Time of Contempt,Bode,Bode
1099,Time of Contempt,Bronibor,Bronibor
1100,Time of Contempt,Cahir Mawr Dyffryn aep Ceallach,Cahir
1101,Time of Contempt,Cairbre aep Diared,Cairbre
1102,Time of Contempt,Calanthe,Calanthe
1103,Time of Contempt,Carduin,Carduin
1104,Time of Contempt,Carla Demetia Crest,Carla
1105,Time of Contempt,Ceallach aep Gruffyd,Ceallach
1106,Time of Contempt,Cinia Hofmeier,Cinia
1107,Time of Contempt,Ciri,Ciri
1108,Time of Contempt,Cirilla Fiona ,Cirilla
1109,Time of Contempt,Clara aep Gwydolyn Gor,Clara
1110,Time of Contempt,Codringher,Codringher
1111,Time of Contempt,Coën,Coën
1112,Time of Contempt,Cregennan of Lod,Cregennan
1113,Time of Contempt,Dagorad,Dagorad
1114,Time of Contempt,Dandelion,Dandelion
1115,Time of Contempt,Demavend III,Demavend
1116,Time of Contempt,Dervla Tryffin Broinne,Dervla
1117,Time of Contempt,Detmold,Detmold
1118,Time of Contempt,Digod,Digod
1119,Time of Contempt,Dorregaray,Dorregaray
1120,Time of Contempt,Drithelm,Drithelm
1121,Time of Contempt,Effenberg,Effenberg
1122,Time of Contempt,Eist Tuirseach,Eist
1123,Time of Contempt,Elan Trahe,Elan
1124,Time of Contempt,Elen of Kaedwen,Elen
1125,Time of Contempt,Emhyr var Emreis,Emhyr
1126,Time of Contempt,Eredin Bréacc Glas,Eredin
1127,Time of Contempt,Ervyll,Ervyll
1128,Time of Contempt,Eskel,Eskel
1129,Time of Contempt,Esterad Thyssen,Esterad
1130,Time of Contempt,Ethain,Ethain
1131,Time of Contempt,Ettariel,Ettariel
1132,Time of Contempt,Evan Helvet,Evan
1133,Time of Contempt,Fabio Sachs,Fabio
1134,Time of Contempt,Fabio Sachs ,Fabio
1135,Time of Contempt,Falka,Falka
1136,Time of Contempt,Falka ,Falka
1137,Time of Contempt,Fauve,Fauve
1138,Time of Contempt,Fercart,Fercart
1139,Time of Contempt,Filavandrel aén Fidháil,Filavandrel
1140,Time of Contempt,Fiona,Fiona
1141,Time of Contempt,Flavius Michelet,Flavius
1142,Time of Contempt,Flourens Delannoy,Flourens
1143,Time of Contempt,Foltest,Foltest
1144,Time of Contempt,Francesca Findabair,Francesca
1145,Time of Contempt,Franklin Hofmeier,Franklin
1146,Time of Contempt,Geoffrey Monck,Geoffrey
1147,Time of Contempt,Geralt of Rivia,Geralt
1148,Time of Contempt,Gerhart of Aelle,Gerhart
1149,Time of Contempt,Giambattista,Giambattista
1150,Time of Contempt,Giselher,Giselher
1151,Time of Contempt,Godyvron Pitcairn,Godyvron
1152,Time of Contempt,Gonzalez Akerspaark,Gonzalez
1153,Time of Contempt,Gorazd,Gorazd
1154,Time of Contempt,Gorm Akerspaark,Gorm
1155,Time of Contempt,Hansom,Hansom
1156,Time of Contempt,Hedwig of Malleore,Hedwig
1157,Time of Contempt,Heimo Kantor,Heimo
1158,Time of Contempt,Henselt,Henselt
1159,Time of Contempt,Herbert Stammelford,Herbert
1160,Time of Contempt,Hereward,Hereward
1161,Time of Contempt,Horm Akerspaark,Horm
1162,Time of Contempt,Hoët,Hoët
1163,Time of Contempt,Hrafnir,Hrafnir
1164,Time of Contempt,Hugo Ansbach,Hugo
1165,Time of Contempt,Ihuarraquax,Ihuarraquax
1166,Time of Contempt,Ilona Laux-Antille,Ilona
1167,Time of Contempt,Immanuel Benavent,Immanuel
1168,Time of Contempt,Iskra,Iskra
1169,Time of Contempt,Ithlinne,Ithlinne
1170,Time of Contempt,Ivo Richert,Ivo
1171,Time of Contempt,Jacob Fenn,Jacob
1172,Time of Contempt,Jada Glevissig,Jada
1173,Time of Contempt,Jan Bekker,Jan
1174,Time of Contempt,Jan Calveit,Jan
1175,Time of Contempt,Jarre,Jarre
1176,Time of Contempt,Joachim de Wett,Joachim
1177,Time of Contempt,Justin Ingvar,Justin
1178,Time of Contempt,Kayleigh,Kayleigh
1179,Time of Contempt,Keira Metz,Keira
1180,Time of Contempt,King of the Wild Hunt,King
1181,Time of Contempt,Klara Larissa de Winter,Klara
1182,Time of Contempt,Korin,Korin
1183,Time of Contempt,Kraska,Kraska
1184,Time of Contempt,Lambert,Lambert
1185,Time of Contempt,Lara Dorren,Lara
1186,Time of Contempt,Lars,Lars
1187,Time of Contempt,Leila,Leila
1188,Time of Contempt,Leticia Charbonneau,Leticia
1189,Time of Contempt,Little Yaxa,Little
1190,Time of Contempt,Lodovico Michelet,Lodovico
1191,Time of Contempt,Lutz,Lutz
1192,Time of Contempt,Lydia van Bredevoort,Lydia
1193,Time of Contempt,Malvina Akerspaark,Malvina
1194,Time of Contempt,Mansfeld,Mansfeld
1195,Time of Contempt,Marder,Marder
1196,Time of Contempt,Margarita Laux-Antille,Margarita
1197,Time of Contempt,Markus Braibant,Markus
1198,Time of Contempt,Marquard,Marquard
1199,Time of Contempt,Marti Södergren,Marti
1200,Time of Contempt,Menno Coehoorn,Menno
1201,Time of Contempt,Meve,Meve
1202,Time of Contempt,Michael Glomb,Michael
1203,Time of Contempt,Michelet brothers,Michelet
1204,Time of Contempt,Milan Raupenneck,Milan
1205,Time of Contempt,Millet,Millet
1206,Time of Contempt,Milva,Milva
1207,Time of Contempt,Mistle,Mistle
1208,Time of Contempt,Molnar Giancardi,Molnar
1209,Time of Contempt,Morvran Voorhis,Morvran
1210,Time of Contempt,Nazarian,Nazarian
1211,Time of Contempt,Nenneke,Nenneke
1212,Time of Contempt,Niedamir,Niedamir
1213,Time of Contempt,Nina Akerspaark,Nina
1214,Time of Contempt,Nina Fioravanti,Nina
1215,Time of Contempt,Nitert,Nitert
1216,Time of Contempt,Nora Wagner,Nora
1217,Time of Contempt,Orm Akerspaark,Orm
1218,Time of Contempt,Paulie Dahlberg,Paulie
1219,Time of Contempt,Paulina Akerspaark,Paulina
1220,Time of Contempt,Pavetta,Pavetta
1221,Time of Contempt,Pegasus,Pegasus
1222,Time of Contempt,Peter Evertsen,Peter
1223,Time of Contempt,Petunia Hofmeier,Petunia
1224,Time of Contempt,Philippa Eilhart,Philippa
1225,Time of Contempt,Radcliffe,Radcliffe
1226,Time of Contempt,Radmir,Radmir
1227,Time of Contempt,Raffard the White,Raffard
1228,Time of Contempt,Ralf Blunden,Ralf
1229,Time of Contempt,Ransant Alvaro,Ransant
1230,Time of Contempt,Rayla,Rayla
1231,Time of Contempt,Reef,Reef
1232,Time of Contempt,Rejean,Rejean
1233,Time of Contempt,Remiz,Remiz
1234,Time of Contempt,Rience,Rience
1235,Time of Contempt,Rizzi Michelet,Rizzi
1236,Time of Contempt,Roach,Roach
1237,Time of Contempt,Roderick de Novembre,Roderick
1238,Time of Contempt,Roegner of Ebbing,Roegner
1239,Time of Contempt,Rudiger,Rudiger
1240,Time of Contempt,Sabrina Glevissig,Sabrina
1241,Time of Contempt,Schirrú,Schirrú
1242,Time of Contempt,Sigismund Dijkstra,Sigismund
1243,Time of Contempt,Sir Sweers,Sir
1244,Time of Contempt,Skomlik,Skomlik
1245,Time of Contempt,Stahler,Stahler
1246,Time of Contempt,Stefan Skellen,Stefan
1247,Time of Contempt,Stella Congreve,Stella
1248,Time of Contempt,Talbot,Talbot
1249,Time of Contempt,Tangerinka Hofmeier,Tangerinka
1250,Time of Contempt,Tissaia de Vries,Tissaia
1251,Time of Contempt,Torm Akerspaark,Torm
1252,Time of Contempt,Toruviel,Toruviel
1253,Time of Contempt,Toublanc Michelet,Toublanc
1254,Time of Contempt,Triss Merigold,Triss
1255,Time of Contempt,Two Tusks,Two
1256,Time of Contempt,Valia Akerspaark,Valia
1257,Time of Contempt,Vattier de Rideaux,Vattier
1258,Time of Contempt,Venzlav,Venzlav
1259,Time of Contempt,Vercta,Vercta
1260,Time of Contempt,Vesemir,Vesemir
1261,Time of Contempt,Vilgefortz,Vilgefortz
1262,Time of Contempt,Villis,Villis
1263,Time of Contempt,Vissegerd,Vissegerd
1264,Time of Contempt,Vizimir II,Vizimir
1265,Time of Contempt,Voymir ,Voymir
1266,Time of Contempt,Wilfli,Wilfli
1267,Time of Contempt,Willemer,Willemer
1268,Time of Contempt,Xarthisius,Xarthisius
1269,Time of Contempt,Yaevinn,Yaevinn
1270,Time of Contempt,Yanna of Murivel,Yanna
1271,Time of Contempt,Yarpen Zigrin,Yarpen
1272,Time of Contempt,Yennefer of Vengerberg,Yennefer
1273,Time of Contempt,Yiolenta Suarez,Yiolenta
1274,Time of Contempt,Zyvik,Zyvik
